{
    "female speech": 1000,
    "woman speaking": 1000,
    "female singing": 1000,
    "male speech": 1000,
    "man speaking": 1000,
    "playing bassoon": 1000,
    "playing piano": 1000,
    "playing harp": 1000,
    "ambulance siren": 1000,
    "race car": 1000,
    "auto racing": 1000,
    "male singing": 1000,
    "playing bass guitar": 1000,
    "playing violin": 1000,
    "fiddle": 1000,
    "tap dancing": 1000,
    "orchestra": 1000,
    "playing acoustic guitar": 1000,
    "playing cello": 1000,
    "people booing": 1000,
    "playing electric guitar": 1000,
    "toilet flushing": 1000,
    "driving buses": 1000,
    "motorboat": 1000,
    "speedboat acceleration": 1000,
    "playing didgeridoo": 1000,
    "pigeon": 1000,
    "dove cooing": 1000,
    "vehicle horn": 1000,
    "car horn": 1000,
    "honking": 1000,
    "playing banjo": 1000,
    "people crowd": 1000,
    "chicken crowing": 1000,
    "rowboat": 1000,
    "canoe": 1000,
    "kayak rowing": 1000,
    "driving motorcycle": 1000,
    "child speech": 1000,
    "kid speaking": 1000,
    "playing flute": 1000,
    "railroad car": 1000,
    "train wagon": 1000,
    "playing accordion": 1000,
    "playing drum kit": 1000,
    "playing trombone": 1000,
    "playing saxophone": 1000,
    "basketball bounce": 1000,
    "playing cymbal": 1000,
    "helicopter": 1000,
    "playing marimba": 1000,
    "xylophone": 1000,
    "singing bowl": 1000,
    "engine accelerating": 1000,
    "revving": 1000,
    "vroom": 1000,
    "police car (siren)": 1000,
    "fireworks banging": 1000,
    "chainsawing trees": 1000,
    "bird chirping": 1000,
    "tweeting": 1000,
    "playing table tennis": 999,
    "playing squash": 999,
    "playing clarinet": 999,
    "playing hammond organ": 999,
    "people burping": 999,
    "playing tabla": 998,
    "playing glockenspiel": 996,
    "playing harpsichord": 972,
    "frog croaking": 968,
    "vacuum cleaner cleaning floors": 959,
    "playing theremin": 957,
    "subway": 950,
    "metro": 950,
    "underground": 950,
    "slot machine": 950,
    "playing badminton": 950,
    "beat boxing": 948,
    "child singing": 944,
    "crow cawing": 943,
    "playing volleyball": 941,
    "car engine knocking": 940,
    "playing snare drum": 937,
    "machine gun shooting": 936,
    "ocean burbling": 933,
    "skiing": 930,
    "civil defense siren": 929,
    "missile launch": 924,
    "playing erhu": 921,
    "tractor digging": 920,
    "bowling impact": 919,
    "rope skipping": 917,
    "airplane flyby": 914,
    "lions roaring": 914,
    "scuba diving": 913,
    "yodelling": 911,
    "playing bagpipes": 910,
    "police radio chatter": 908,
    "fire truck siren": 908,
    "pheasant crowing": 887,
    "arc welding": 884,
    "playing steel guitar": 879,
    "slide guitar": 879,
    "dog howling": 879,
    "wind noise": 872,
    "playing bongo": 870,
    "skateboarding": 864,
    "playing synthesizer": 859,
    "electric shaver": 858,
    "electric razor shaving": 858,
    "playing ukulele": 857,
    "skidding": 856,
    "cap gun shooting": 854,
    "people clapping": 853,
    "playing cornet": 843,
    "people sniggering": 841,
    "playing vibraphone": 835,
    "mynah bird singing": 834,
    "people whistling": 833,
    "horse clip-clop": 832,
    "printer printing": 831,
    "baby laughter": 831,
    "playing french horn": 815,
    "playing bass drum": 813,
    "cat purring": 811,
    "playing sitar": 810,
    "lathe spinning": 809,
    "lawn mowing": 808,
    "lighting firecrackers": 804,
    "volcano explosion": 792,
    "playing electronic organ": 789,
    "playing trumpet": 785,
    "dog growling": 776,
    "playing harmonica": 774,
    "playing mandolin": 774,
    "people marching": 767,
    "planing timber": 766,
    "playing tambourine": 761,
    "playing double bass": 760,
    "church bell ringing": 757,
    "gibbon howling": 743,
    "goose honking": 738,
    "tapping guitar": 730,
    "sharpen knife": 726,
    "train horning": 721,
    "dog barking": 717,
    "singing choir": 712,
    "heart sounds": 706,
    "heartbeat": 706,
    "owl hooting": 703,
    "people whispering": 697,
    "woodpecker pecking tree": 695,
    "typing on typewriter": 695,
    "cattle mooing": 685,
    "people screaming": 681,
    "hail": 668,
    "canary calling": 667,
    "people cheering": 654,
    "cricket chirping": 652,
    "stream burbling": 640,
    "people sneezing": 638,
    "wood thrush calling": 631,
    "roller coaster running": 628,
    "ice cream truck": 626,
    "ice cream van": 626,
    "people shuffling": 625,
    "baby crying": 617,
    "mouse clicking": 610,
    "francolin calling": 601,
    "turkey gobbling": 596,
    "cattle": 594,
    "bovinae cowbell": 594,
    "rapping": 588,
    "dinosaurs bellowing": 583,
    "playing timpani": 579,
    "dog bow-wow": 578,
    "using sewing machines": 576,
    "chicken clucking": 575,
    "splashing water": 568,
    "hammering nails": 563,
    "train whistling": 558,
    "driving snowmobile": 553,
    "duck quacking": 552,
    "lions growling": 549,
    "baby babbling": 548,
    "car passing by": 545,
    "parrot talking": 543,
    "sailing": 542,
    "cat meowing": 538,
    "horse neighing": 537,
    "people babbling": 537,
    "sliding door": 537,
    "playing timbales": 537,
    "swimming": 516,
    "wind rustling leaves": 513,
    "people slurping": 512,
    "typing on computer keyboard": 511,
    "people eating noodle": 510,
    "ripping paper": 510,
    "playing gong": 507,
    "elk bugling": 507,
    "playing darts": 505,
    "people farting": 504,
    "bee": 501,
    "wasp": 501,
    "etc. buzzing": 501,
    "playing oboe": 497,
    "playing zither": 488,
    "eating with cutlery": 478,
    "bouncing on trampoline": 476,
    "people belly laughing": 467,
    "sheep bleating": 465,
    "waterfall burbling": 464,
    "airplane": 456,
    "playing steelpan": 454,
    "fire crackling": 442,
    "car engine starting": 441,
    "coyote howling": 440,
    "reversing beeps": 437,
    "people sobbing": 431,
    "playing guiro": 427,
    "raining": 423,
    "chimpanzee pant-hooting": 423,
    "playing congas": 415,
    "playing tympani": 413,
    "dog whimpering": 411,
    "opening or closing car doors": 409,
    "opening or closing drawers": 408,
    "people coughing": 403,
    "black capped chickadee calling": 396,
    "pig oinking": 394,
    "people eating crisps": 392,
    "playing bugle": 392,
    "mosquito buzzing": 388,
    "donkey": 388,
    "ass braying": 388,
    "squishing water": 385,
    "mouse pattering": 380,
    "playing djembe": 380,
    "magpie calling": 379,
    "electric grinder grinding": 375,
    "people running": 372,
    "underwater bubbling": 370,
    "barn swallow calling": 370,
    "firing muskets": 367,
    "dog baying": 362,
    "cheetah chirrup": 353,
    "playing hockey": 352,
    "striking pool": 351,
    "people hiccup": 344,
    "people humming": 341,
    "playing tennis": 340,
    "wind chime": 339,
    "cat growling": 337,
    "car engine idling": 320,
    "ice cracking": 315,
    "otter growling": 313,
    "fox barking": 311,
    "alligators": 311,
    "crocodiles hissing": 311,
    "people eating apple": 310,
    "tornado roaring": 306,
    "bird squawking": 298,
    "hair dryer drying": 293,
    "firing cannon": 286,
    "train wheels squealing": 283,
    "alarm clock ringing": 281,
    "cupboard opening or closing": 280,
    "striking bowling": 276,
    "thunder": 275,
    "cat hissing": 270,
    "bull bellowing": 270,
    "penguins braying": 268,
    "running electric fan": 268,
    "elephant trumpeting": 260,
    "golf driving": 253,
    "people battle cry": 241,
    "extending ladders": 241,
    "snake hissing": 235,
    "playing lacrosse": 232,
    "writing on blackboard with chalk": 230,
    "spraying water": 228,
    "sloshing water": 226,
    "people giggling": 223,
    "cutting hair with electric trimmers": 218,
    "lip smacking": 215,
    "forging swords": 214,
    "plastic bottle crushing": 214,
    "warbler chirping": 214,
    "chipmunk chirping": 211,
    "bird wings flapping": 208,
    "chopping wood": 204,
    "popping popcorn": 203,
    "eagle screaming": 202,
    "footsteps on snow": 201,
    "sea waves": 201,
    "hedge trimmer running": 201,
    "blowtorch igniting": 200,
    "goat bleating": 196,
    "air conditioning noise": 195,
    "mouse squeaking": 190,
    "ferret dooking": 189,
    "cat caterwauling": 187,
    "strike lighter": 179,
    "people nose blowing": 178,
    "shot football": 176,
    "people eating": 176,
    "smoke detector beeping": 171,
    "people gargling": 171,
    "cuckoo bird calling": 168,
    "foghorn": 167,
    "eletric blender running": 164,
    "chinchilla barking": 163,
    "people slapping": 161,
    "sea lion barking": 161,
    "opening or closing car electric windows": 155,
    "children shouting": 151,
    "metronome": 150,
    "playing washboard": 150,
    "door slamming": 150,
    "playing castanets": 150,
    "cell phone buzzing": 150,
    "people finger snapping": 150,
    "chopping food": 150,
    "telephone bell ringing": 150,
    "playing shofar": 150,
    "playing tuning fork": 150,
    "baltimore oriole calling": 150,
    "fly": 150,
    "housefly buzzing": 150,
    "disc scratching": 150,
    "bathroom ventilation fan running": 150,
    "whale calling": 150,
    "zebra braying": 149,
    "cow lowing": 149,
    "pumping water": 149,
    "snake rattling": 149,
    "air horn": 147
}